<?xml version="1.0" encoding="UTF-8"?>
<metadata xml:lang="en"><Esri><CreaDate>20180927</CreaDate><CreaTime>22341700</CreaTime><ArcGISFormat>1.0</ArcGISFormat><SyncOnce>TRUE</SyncOnce><DataProperties><lineage><Process ToolSource="c:\program files\arcgis\pro\Resources\ArcToolbox\toolboxes\Data Management Tools.tbx\CopyFeatures" Date="20180927" Time="223417">CopyFeatures World_Cities$_Layer C:\Users\Saad\Documents\ArcGIS\Data\Data\Tables\Cities.shp # # # #</Process><Process ToolSource="c:\program files\arcgis\pro\Resources\ArcToolbox\toolboxes\Data Management Tools.tbx\XYTableToPoint" Date="20180927" Time="223418">XYTableToPoint C:\Users\Saad\Documents\ArcGIS\Data\Data\Tables\World_Cities.xls\World_Cities$ C:\Users\Saad\Documents\ArcGIS\Data\Data\Tables\Cities.shp POINT_X POINT_Y # "GEOGCS['GCS_WGS_1984',DATUM['D_WGS_1984',SPHEROID['WGS_1984',6378137.0,298.257223563]],PRIMEM['Greenwich',0.0],UNIT['Degree',0.0174532925199433]];-400 -400 1000000000;-100000 10000;-100000 10000;8.98315284119521E-09;0.001;0.001;IsHighPrecision"</Process></lineage></DataProperties></Esri></metadata>
