<?xml version="1.0"?>
<!--<!DOCTYPE metadata SYSTEM "http://www.esri.com/metadata/esriprof80.dtd">-->
<metadata xml:lang="en"><Esri><CreaDate>20061126</CreaDate><CreaTime>14493200</CreaTime><SyncOnce>TRUE</SyncOnce><MetaID>{D867333F-215D-467E-AF0E-2611C3550BC0}</MetaID></Esri><idinfo><citation><citeinfo><onlink Sync="TRUE">\\MAPTABLET02\D$\Layout\Base_Data\towns</onlink></citeinfo></citation></idinfo><distInfo><distributor><distorTran><onLineSrc><linkage Sync="TRUE">file://\\MAPTABLET02\D$\Layout\Base_Data\towns</linkage><protocol Sync="TRUE">Local Area Network</protocol></onLineSrc></distorTran></distributor></distInfo><dataqual><lineage><procstep><procdesc Sync="TRUE">Dataset copied.</procdesc><srcused Sync="TRUE">D:\Layout\Data\towns</srcused><date Sync="TRUE">20061126</date><time Sync="TRUE">14493200</time></procstep></lineage></dataqual></metadata>
