<?xml version="1.0"?>
<!--<!DOCTYPE metadata SYSTEM "http://www.esri.com/metadata/esriprof80.dtd">-->
<metadata xml:lang="en"><Esri><CreaDate>20061126</CreaDate><CreaTime>14394100</CreaTime><SyncOnce>TRUE</SyncOnce><DataProperties><lineage><Process Name="Create Feature Class" ToolSource="C:\Program Files\ArcGIS\ArcToolbox\Toolboxes\Data Management Tools.tbx\CreateFeatureclass" Date="20050131" Time="133456">CreateFeatureclass C:\GIS\madagascar_data\dcw rivers # arc_Layer SAME_AS_TEMPLATE SAME_AS_TEMPLATE "GEOGCS['GCS_Clarke_1866',DATUM['D_Clarke_1866',SPHEROID['Clarke_1866',6378206.4,294.9786982]],PRIMEM['Greenwich',0.0],UNIT['Degree',0.0174532925199433]];-34.443795 -100.088906 13201617.218418;0.000000 100000.000000;0.000000 100000.000000" # 0 0 0 C:\GIS\madagascar_data\dcw\rivers.shp</Process><Process Name="Append" ToolSource="C:\Program Files\ArcGIS\ArcToolbox\Toolboxes\Data Management Tools.tbx\Append" Date="20050131" Time="133458">Append arc_Layer C:\GIS\madagascar_data\dcw\rivers.shp TEST C:\GIS\madagascar_data\dcw\rivers.shp</Process><Process Name="FeatureClassToFeatureClass_1" ToolSource="C:\Program Files\ArcGIS\ArcToolbox\Toolboxes\Conversion Tools.tbx\FeatureClassToFeatureClass" Date="20050131" Time="133458">FeatureClassToFeatureClass C:\projects\SAHIMS\data\dnnet\arc C:\GIS\madagascar_data\dcw rivers # "FNODE# FNODE_ VISIBLE;TNODE# TNODE_ VISIBLE;LPOLY# LPOLY_ VISIBLE;RPOLY# RPOLY_ VISIBLE;LENGTH LENGTH VISIBLE;DNNET# DNNET_ VISIBLE;DNNET-ID DNNET_ID VISIBLE;DNLNTYPE DNLNTYPE VISIBLE;DNLNSTAT DNLNSTAT VISIBLE" SAME_AS_TEMPLATE SAME_AS_TEMPLATE # 0 C:\GIS\madagascar_data\dcw\rivers.shp</Process></lineage></DataProperties><MetaID>{BC0CF5C3-EB45-42B6-BB35-D107B2C98C22}</MetaID></Esri><idinfo><citation><citeinfo><onlink Sync="TRUE">\\MAPTABLET02\D$\Layout\Base_Data\rivers</onlink></citeinfo></citation></idinfo><distInfo><distributor><distorTran><onLineSrc><linkage Sync="TRUE">file://\\MAPTABLET02\D$\Layout\Base_Data\rivers</linkage><protocol Sync="TRUE">Local Area Network</protocol></onLineSrc></distorTran></distributor></distInfo><dataqual><lineage><procstep><procdesc Sync="TRUE">Dataset copied.</procdesc><srcused Sync="TRUE">D:\Layout\Data\rivers</srcused><date Sync="TRUE">20061126</date><time Sync="TRUE">14394100</time></procstep></lineage></dataqual></metadata>
